Ciudad,CÃ³digo DANE ciudad,Departamento,Ciudad - Departamento,Repeticiones Ciudad
ABEJORRAL,05002,ANTIOQUIA,ABEJORRAL - ANTIOQUIA,0
ABREGO,54003,NORTE DE SANTANDER,ABREGO - NORTE DE SANTANDER,0
ABRIAQUI,05004,ANTIOQUIA,ABRIAQUI - ANTIOQUIA,0
ACACIAS,50006,META,ACACIAS - META,0
ACANDI,27006,CHOCO,ACANDI - CHOCO,0
ACEVEDO,41006,HUILA,ACEVEDO - HUILA,0
AGRADO,41013,HUILA,AGRADO - HUILA,0
AGUA DE DIOS,25001,CUNDINAMARCA,AGUA DE DIOS - CUNDINAMARCA,0
AGUACHICA,20011,CESAR,AGUACHICA - CESAR,0
AGUADA,68013,SANTANDER,AGUADA - SANTANDER,0
AGUADAS,17013,CALDAS,AGUADAS - CALDAS,0
AGUAZUL,85010,CASANARE,AGUAZUL - CASANARE,0
AGUSTIN CODAZZI,20013,CESAR,AGUSTIN CODAZZI - CESAR,0
AIPE,41016,HUILA,AIPE - HUILA,0
ALBAN,25019,CUNDINAMARCA,ALBAN - CUNDINAMARCA,1
ALBAN,52019,NARIÑO,ALBAN - NARIÑO,2
ALBANIA,18029,CAQUETA,ALBANIA - CAQUETA,1
ALBANIA,44035,LA GUAJIRA,ALBANIA - LA GUAJIRA,2
ALBANIA,68020,SANTANDER,ALBANIA - SANTANDER,3
ALCALA,76020,VALLE DEL CAUCA,ALCALA - VALLE DEL CAUCA,0
ALDANA,52022,NARIÑO,ALDANA - NARIÑO,0
ALEJANDRIA,05021,ANTIOQUIA,ALEJANDRIA - ANTIOQUIA,0
ALGARROBO,47030,MAGDALENA,ALGARROBO - MAGDALENA,0
ALGECIRAS,41020,HUILA,ALGECIRAS - HUILA,0
ALMAGUER,19022,CAUCA,ALMAGUER - CAUCA,0
ALMEIDA,15022,BOYACA,ALMEIDA - BOYACA,0
ALPUJARRA,73024,TOLIMA,ALPUJARRA - TOLIMA,0
ALTAMIRA,41026,HUILA,ALTAMIRA - HUILA,0
ALTO BAUDO,27025,CHOCO,ALTO BAUDO - CHOCO,0
ALTOS DEL ROSARIO,13030,BOLIVAR,ALTOS DEL ROSARIO - BOLIVAR,0
ALVARADO,73026,TOLIMA,ALVARADO - TOLIMA,0
AMAGA,05030,ANTIOQUIA,AMAGA - ANTIOQUIA,0
AMALFI,05031,ANTIOQUIA,AMALFI - ANTIOQUIA,0
AMBALEMA,73030,TOLIMA,AMBALEMA - TOLIMA,0
ANAPOIMA,25035,CUNDINAMARCA,ANAPOIMA - CUNDINAMARCA,0
ANCUYA,52036,NARIÑO,ANCUYA - NARIÑO,0
ANDALUCIA,76036,VALLE DEL CAUCA,ANDALUCIA - VALLE DEL CAUCA,0
ANDES,05034,ANTIOQUIA,ANDES - ANTIOQUIA,0
ANGELOPOLIS,05036,ANTIOQUIA,ANGELOPOLIS - ANTIOQUIA,0
ANGOSTURA,05038,ANTIOQUIA,ANGOSTURA - ANTIOQUIA,0
ANOLAIMA,25040,CUNDINAMARCA,ANOLAIMA - CUNDINAMARCA,0
ANORI,05040,ANTIOQUIA,ANORI - ANTIOQUIA,0
ANSERMA,17042,CALDAS,ANSERMA - CALDAS,0
ANSERMANUEVO,76041,VALLE DEL CAUCA,ANSERMANUEVO - VALLE DEL CAUCA,0
ANZA,05044,ANTIOQUIA,ANZA - ANTIOQUIA,0
ANZOATEGUI,73043,TOLIMA,ANZOATEGUI - TOLIMA,0
APARTADO,05045,ANTIOQUIA,APARTADO - ANTIOQUIA,0
APIA,66045,RISARALDA,APIA - RISARALDA,0
APULO,25599,CUNDINAMARCA,APULO - CUNDINAMARCA,0
AQUITANIA,15047,BOYACA,AQUITANIA - BOYACA,0
ARACATACA,47053,MAGDALENA,ARACATACA - MAGDALENA,0
ARANZAZU,17050,CALDAS,ARANZAZU - CALDAS,0
ARATOCA,68051,SANTANDER,ARATOCA - SANTANDER,0
ARAUCA,81001,ARAUCA,ARAUCA - ARAUCA,0
ARAUQUITA,81065,ARAUCA,ARAUQUITA - ARAUCA,0
ARBELAEZ,25053,CUNDINAMARCA,ARBELAEZ - CUNDINAMARCA,0
ARBOLEDA,52051,NARIÑO,ARBOLEDA - NARIÑO,0
ARBOLEDAS,54051,NORTE DE SANTANDER,ARBOLEDAS - NORTE DE SANTANDER,0
ARBOLETES,05051,ANTIOQUIA,ARBOLETES - ANTIOQUIA,0
ARCABUCO,15051,BOYACA,ARCABUCO - BOYACA,0
ARENAL,13042,BOLIVAR,ARENAL - BOLIVAR,0
ARGELIA,05055,ANTIOQUIA,ARGELIA - ANTIOQUIA,1
ARGELIA,19050,CAUCA,ARGELIA - CAUCA,2
ARGELIA,76054,VALLE DEL CAUCA,ARGELIA - VALLE DEL CAUCA,3
ARIGUANI,47058,MAGDALENA,ARIGUANI - MAGDALENA,0
ARJONA,13052,BOLIVAR,ARJONA - BOLIVAR,0
ARMENIA,05059,ANTIOQUIA,ARMENIA - ANTIOQUIA,1
ARMENIA,63001,QUINDIO,ARMENIA - QUINDIO,2
ARMERO,73055,TOLIMA,ARMERO - TOLIMA,0
ARROYOHONDO,13062,BOLIVAR,ARROYOHONDO - BOLIVAR,0
ASTREA,20032,CESAR,ASTREA - CESAR,0
ATACO,73067,TOLIMA,ATACO - TOLIMA,0
ATRATO,27050,CHOCO,ATRATO - CHOCO,0
AYAPEL,23068,CORDOBA,AYAPEL - CORDOBA,0
BAGADO,27073,CHOCO,BAGADO - CHOCO,0
BAHIA SOLANO,27075,CHOCO,BAHIA SOLANO - CHOCO,0
BAJO BAUDO,27077,CHOCO,BAJO BAUDO - CHOCO,0
BALBOA,19075,CAUCA,BALBOA - CAUCA,1
BALBOA,66075,RISARALDA,BALBOA - RISARALDA,2
BARANOA,08078,ATLANTICO,BARANOA - ATLANTICO,0
BARAYA,41078,HUILA,BARAYA - HUILA,0
BARBACOAS,52079,NARIÑO,BARBACOAS - NARIÑO,0
BARBOSA,05079,ANTIOQUIA,BARBOSA - ANTIOQUIA,1
BARBOSA,68077,SANTANDER,BARBOSA - SANTANDER,2
BARICHARA,68079,SANTANDER,BARICHARA - SANTANDER,0
BARRANCA DE UPIA,50110,META,BARRANCA DE UPIA - META,0
BARRANCABERMEJA,68081,SANTANDER,BARRANCABERMEJA - SANTANDER,0
BARRANCAS,44078,LA GUAJIRA,BARRANCAS - LA GUAJIRA,0
BARRANCO DE LOBA,13074,BOLIVAR,BARRANCO DE LOBA - BOLIVAR,0
BARRANCO MINAS,94343,GUAINIA,BARRANCO MINAS - GUAINIA,0
BARRANQUILLA,08001,ATLANTICO,BARRANQUILLA - ATLANTICO,0
BECERRIL,20045,CESAR,BECERRIL - CESAR,0
BELALCAZAR,17088,CALDAS,BELALCAZAR - CALDAS,0
BELEN,15087,BOYACA,BELEN - BOYACA,1
BELEN,52083,NARIÑO,BELEN - NARIÑO,2
BELEN DE BAJIRA1,27086,CHOCO,BELEN DE BAJIRA1 - CHOCO,0
BELEN DE LOS ANDAQUIES,18094,CAQUETA,BELEN DE LOS ANDAQUIES - CAQUETA,0
BELEN DE UMBRIA,66088,RISARALDA,BELEN DE UMBRIA - RISARALDA,0
BELLO,05088,ANTIOQUIA,BELLO - ANTIOQUIA,0
BELMIRA,05086,ANTIOQUIA,BELMIRA - ANTIOQUIA,0
BELTRAN,25086,CUNDINAMARCA,BELTRAN - CUNDINAMARCA,0
BERBEO,15090,BOYACA,BERBEO - BOYACA,0
BETANIA,05091,ANTIOQUIA,BETANIA - ANTIOQUIA,0
BETEITIVA,15092,BOYACA,BETEITIVA - BOYACA,0
BETULIA,05093,ANTIOQUIA,BETULIA - ANTIOQUIA,1
BETULIA,68092,SANTANDER,BETULIA - SANTANDER,2
BITUIMA,25095,CUNDINAMARCA,BITUIMA - CUNDINAMARCA,0
BOAVITA,15097,BOYACA,BOAVITA - BOYACA,0
BOCHALEMA,54099,NORTE DE SANTANDER,BOCHALEMA - NORTE DE SANTANDER,0
BOGOTA, D.C.,11001,BOGOTA, D.C.,BOGOTA, D.C. - BOGOTA, D.C.,0
BOJACA,25099,CUNDINAMARCA,BOJACA - CUNDINAMARCA,0
BOJAYA,27099,CHOCO,BOJAYA - CHOCO,0
BOLIVAR,19100,CAUCA,BOLIVAR - CAUCA,1
BOLIVAR,68101,SANTANDER,BOLIVAR - SANTANDER,2
BOLIVAR,76100,VALLE DEL CAUCA,BOLIVAR - VALLE DEL CAUCA,3
BOSCONIA,20060,CESAR,BOSCONIA - CESAR,0
BOYACA,15104,BOYACA,BOYACA - BOYACA,0
BRICEÑO,05107,ANTIOQUIA,BRICEÑO - ANTIOQUIA,1
BRICEÑO,15106,BOYACA,BRICEÑO - BOYACA,2
BUCARAMANGA,68001,SANTANDER,BUCARAMANGA - SANTANDER,0
BUCARASICA,54109,NORTE DE SANTANDER,BUCARASICA - NORTE DE SANTANDER,0
BUENAVENTURA,76109,VALLE DEL CAUCA,BUENAVENTURA - VALLE DEL CAUCA,0
BUENAVISTA,15109,BOYACA,BUENAVISTA - BOYACA,1
BUENAVISTA,23079,CORDOBA,BUENAVISTA - CORDOBA,2
BUENAVISTA,63111,QUINDIO,BUENAVISTA - QUINDIO,3
BUENAVISTA,70110,SUCRE,BUENAVISTA - SUCRE,4
BUENOS AIRES,19110,CAUCA,BUENOS AIRES - CAUCA,0
BUESACO,52110,NARIÑO,BUESACO - NARIÑO,0
BUGALAGRANDE,76113,VALLE DEL CAUCA,BUGALAGRANDE - VALLE DEL CAUCA,0
BURITICA,05113,ANTIOQUIA,BURITICA - ANTIOQUIA,0
BUSBANZA,15114,BOYACA,BUSBANZA - BOYACA,0
CABRERA,25120,CUNDINAMARCA,CABRERA - CUNDINAMARCA,1
CABRERA,68121,SANTANDER,CABRERA - SANTANDER,2
CABUYARO,50124,META,CABUYARO - META,0
CACAHUAL,94886,GUAINIA,CACAHUAL - GUAINIA,0
CACERES,05120,ANTIOQUIA,CACERES - ANTIOQUIA,0
CACHIPAY,25123,CUNDINAMARCA,CACHIPAY - CUNDINAMARCA,0
CACHIRA,54128,NORTE DE SANTANDER,CACHIRA - NORTE DE SANTANDER,0
CACOTA,54125,NORTE DE SANTANDER,CACOTA - NORTE DE SANTANDER,0
CAICEDO,05125,ANTIOQUIA,CAICEDO - ANTIOQUIA,0
CAICEDONIA,76122,VALLE DEL CAUCA,CAICEDONIA - VALLE DEL CAUCA,0
CAIMITO,70124,SUCRE,CAIMITO - SUCRE,0
CAJAMARCA,73124,TOLIMA,CAJAMARCA - TOLIMA,0
CAJIBIO,19130,CAUCA,CAJIBIO - CAUCA,0
CAJICA,25126,CUNDINAMARCA,CAJICA - CUNDINAMARCA,0
CALAMAR,13140,BOLIVAR,CALAMAR - BOLIVAR,1
CALAMAR,95015,GUAVIARE,CALAMAR - GUAVIARE,2
CALARCA,63130,QUINDIO,CALARCA - QUINDIO,0
CALDAS,05129,ANTIOQUIA,CALDAS - ANTIOQUIA,1
CALDAS,15131,BOYACA,CALDAS - BOYACA,2
CALDONO,19137,CAUCA,CALDONO - CAUCA,0
CALI,76001,VALLE DEL CAUCA,CALI - VALLE DEL CAUCA,0
CALIFORNIA,68132,SANTANDER,CALIFORNIA - SANTANDER,0
CALIMA,76126,VALLE DEL CAUCA,CALIMA - VALLE DEL CAUCA,0
CALOTO,19142,CAUCA,CALOTO - CAUCA,0
CAMPAMENTO,05134,ANTIOQUIA,CAMPAMENTO - ANTIOQUIA,0
CAMPO DE LA CRUZ,08137,ATLANTICO,CAMPO DE LA CRUZ - ATLANTICO,0
CAMPOALEGRE,41132,HUILA,CAMPOALEGRE - HUILA,0
CAMPOHERMOSO,15135,BOYACA,CAMPOHERMOSO - BOYACA,0
CANALETE,23090,CORDOBA,CANALETE - CORDOBA,0
CANDELARIA,08141,ATLANTICO,CANDELARIA - ATLANTICO,1
CANDELARIA,76130,VALLE DEL CAUCA,CANDELARIA - VALLE DEL CAUCA,2
CANTAGALLO,13160,BOLIVAR,CANTAGALLO - BOLIVAR,0
CAÑASGORDAS,05138,ANTIOQUIA,CAÑASGORDAS - ANTIOQUIA,0
CAPARRAPI,25148,CUNDINAMARCA,CAPARRAPI - CUNDINAMARCA,0
CAPITANEJO,68147,SANTANDER,CAPITANEJO - SANTANDER,0
CAQUEZA,25151,CUNDINAMARCA,CAQUEZA - CUNDINAMARCA,0
CARACOLI,05142,ANTIOQUIA,CARACOLI - ANTIOQUIA,0
CARAMANTA,05145,ANTIOQUIA,CARAMANTA - ANTIOQUIA,0
CARCASI,68152,SANTANDER,CARCASI - SANTANDER,0
CAREPA,05147,ANTIOQUIA,CAREPA - ANTIOQUIA,0
CARMEN DE APICALA,73148,TOLIMA,CARMEN DE APICALA - TOLIMA,0
CARMEN DE CARUPA,25154,CUNDINAMARCA,CARMEN DE CARUPA - CUNDINAMARCA,0
CARMEN DEL DARIEN,27150,CHOCO,CARMEN DEL DARIEN - CHOCO,0
CAROLINA,05150,ANTIOQUIA,CAROLINA - ANTIOQUIA,0
CARTAGENA,13001,BOLIVAR,CARTAGENA - BOLIVAR,0
CARTAGENA DEL CHAIRA,18150,CAQUETA,CARTAGENA DEL CHAIRA - CAQUETA,0
CARTAGO,76147,VALLE DEL CAUCA,CARTAGO - VALLE DEL CAUCA,0
CARURU,97161,VAUPES,CARURU - VAUPES,0
CASABIANCA,73152,TOLIMA,CASABIANCA - TOLIMA,0
CASTILLA LA NUEVA,50150,META,CASTILLA LA NUEVA - META,0
CAUCASIA,05154,ANTIOQUIA,CAUCASIA - ANTIOQUIA,0
CEPITA,68160,SANTANDER,CEPITA - SANTANDER,0
CERETE,23162,CORDOBA,CERETE - CORDOBA,0
CERINZA,15162,BOYACA,CERINZA - BOYACA,0
CERRITO,68162,SANTANDER,CERRITO - SANTANDER,0
CERRO SAN ANTONIO,47161,MAGDALENA,CERRO SAN ANTONIO - MAGDALENA,0
CERTEGUI,27160,CHOCO,CERTEGUI - CHOCO,0
CHACHAGÜI,52240,NARIÑO,CHACHAGÜI - NARIÑO,0
CHAGUANI,25168,CUNDINAMARCA,CHAGUANI - CUNDINAMARCA,0
CHALAN,70230,SUCRE,CHALAN - SUCRE,0
CHAMEZA,85015,CASANARE,CHAMEZA - CASANARE,0
CHAPARRAL,73168,TOLIMA,CHAPARRAL - TOLIMA,0
CHARALA,68167,SANTANDER,CHARALA - SANTANDER,0
CHARTA,68169,SANTANDER,CHARTA - SANTANDER,0
CHIA,25175,CUNDINAMARCA,CHIA - CUNDINAMARCA,0
CHIBOLO,47170,MAGDALENA,CHIBOLO - MAGDALENA,0
CHIGORODO,05172,ANTIOQUIA,CHIGORODO - ANTIOQUIA,0
CHIMA,68176,SANTANDER,CHIMA - SANTANDER,0
CHIMA,23168,CORDOBA,CHIMA - CORDOBA,0
CHIMICHAGUA,20175,CESAR,CHIMICHAGUA - CESAR,0
CHINACOTA,54172,NORTE DE SANTANDER,CHINACOTA - NORTE DE SANTANDER,0
CHINAVITA,15172,BOYACA,CHINAVITA - BOYACA,0
CHINCHINA,17174,CALDAS,CHINCHINA - CALDAS,0
CHINU,23182,CORDOBA,CHINU - CORDOBA,0
CHIPAQUE,25178,CUNDINAMARCA,CHIPAQUE - CUNDINAMARCA,0
CHIPATA,68179,SANTANDER,CHIPATA - SANTANDER,0
CHIQUINQUIRA,15176,BOYACA,CHIQUINQUIRA - BOYACA,0
CHIQUIZA,15232,BOYACA,CHIQUIZA - BOYACA,0
CHIRIGUANA,20178,CESAR,CHIRIGUANA - CESAR,0
CHISCAS,15180,BOYACA,CHISCAS - BOYACA,0
CHITA,15183,BOYACA,CHITA - BOYACA,0
CHITAGA,54174,NORTE DE SANTANDER,CHITAGA - NORTE DE SANTANDER,0
CHITARAQUE,15185,BOYACA,CHITARAQUE - BOYACA,0
CHIVATA,15187,BOYACA,CHIVATA - BOYACA,0
CHIVOR,15236,BOYACA,CHIVOR - BOYACA,0
CHOACHI,25181,CUNDINAMARCA,CHOACHI - CUNDINAMARCA,0
CHOCONTA,25183,CUNDINAMARCA,CHOCONTA - CUNDINAMARCA,0
CICUCO,13188,BOLIVAR,CICUCO - BOLIVAR,0
CIENAGA,47189,MAGDALENA,CIENAGA - MAGDALENA,0
CIENAGA DE ORO,23189,CORDOBA,CIENAGA DE ORO - CORDOBA,0
CIENEGA,15189,BOYACA,CIENEGA - BOYACA,0
CIMITARRA,68190,SANTANDER,CIMITARRA - SANTANDER,0
CIRCASIA,63190,QUINDIO,CIRCASIA - QUINDIO,0
CISNEROS,05190,ANTIOQUIA,CISNEROS - ANTIOQUIA,0
CIUDAD BOLIVAR,05101,ANTIOQUIA,CIUDAD BOLIVAR - ANTIOQUIA,0
CLEMENCIA,13222,BOLIVAR,CLEMENCIA - BOLIVAR,0
COCORNA,05197,ANTIOQUIA,COCORNA - ANTIOQUIA,0
COELLO,73200,TOLIMA,COELLO - TOLIMA,0
COGUA,25200,CUNDINAMARCA,COGUA - CUNDINAMARCA,0
COLOMBIA,41206,HUILA,COLOMBIA - HUILA,0
COLON,52203,NARIÑO,COLON - NARIÑO,1
COLON,86219,PUTUMAYO,COLON - PUTUMAYO,2
COLOSO,70204,SUCRE,COLOSO - SUCRE,0
COMBITA,15204,BOYACA,COMBITA - BOYACA,0
CONCEPCION,05206,ANTIOQUIA,CONCEPCION - ANTIOQUIA,1
CONCEPCION,68207,SANTANDER,CONCEPCION - SANTANDER,2
CONCORDIA,05209,ANTIOQUIA,CONCORDIA - ANTIOQUIA,1
CONCORDIA,47205,MAGDALENA,CONCORDIA - MAGDALENA,2
CONDOTO,27205,CHOCO,CONDOTO - CHOCO,0
CONFINES,68209,SANTANDER,CONFINES - SANTANDER,0
CONSACA,52207,NARIÑO,CONSACA - NARIÑO,0
CONTADERO,52210,NARIÑO,CONTADERO - NARIÑO,0
CONTRATACION,68211,SANTANDER,CONTRATACION - SANTANDER,0
CONVENCION,54206,NORTE DE SANTANDER,CONVENCION - NORTE DE SANTANDER,0
COPACABANA,05212,ANTIOQUIA,COPACABANA - ANTIOQUIA,0
COPER,15212,BOYACA,COPER - BOYACA,0
CORDOBA,13212,BOLIVAR,CORDOBA - BOLIVAR,1
CORDOBA,52215,NARIÑO,CORDOBA - NARIÑO,2
CORDOBA,63212,QUINDIO,CORDOBA - QUINDIO,3
CORINTO,19212,CAUCA,CORINTO - CAUCA,0
COROMORO,68217,SANTANDER,COROMORO - SANTANDER,0
COROZAL,70215,SUCRE,COROZAL - SUCRE,0
CORRALES,15215,BOYACA,CORRALES - BOYACA,0
COTA,25214,CUNDINAMARCA,COTA - CUNDINAMARCA,0
COTORRA,23300,CORDOBA,COTORRA - CORDOBA,0
COVARACHIA,15218,BOYACA,COVARACHIA - BOYACA,0
COVEÑAS,70221,SUCRE,COVEÑAS - SUCRE,0
COYAIMA,73217,TOLIMA,COYAIMA - TOLIMA,0
CRAVO NORTE,81220,ARAUCA,CRAVO NORTE - ARAUCA,0
CUASPUD,52224,NARIÑO,CUASPUD - NARIÑO,0
CUBARA,15223,BOYACA,CUBARA - BOYACA,0
CUBARRAL,50223,META,CUBARRAL - META,0
CUCAITA,15224,BOYACA,CUCAITA - BOYACA,0
CUCUNUBA,25224,CUNDINAMARCA,CUCUNUBA - CUNDINAMARCA,0
CUCUTA,54001,NORTE DE SANTANDER,CUCUTA - NORTE DE SANTANDER,0
CUCUTILLA,54223,NORTE DE SANTANDER,CUCUTILLA - NORTE DE SANTANDER,0
CUITIVA,15226,BOYACA,CUITIVA - BOYACA,0
CUMARAL,50226,META,CUMARAL - META,0
CUMARIBO,99773,VICHADA,CUMARIBO - VICHADA,0
CUMBAL,52227,NARIÑO,CUMBAL - NARIÑO,0
CUMBITARA,52233,NARIÑO,CUMBITARA - NARIÑO,0
CUNDAY,73226,TOLIMA,CUNDAY - TOLIMA,0
CURILLO,18205,CAQUETA,CURILLO - CAQUETA,0
CURITI,68229,SANTANDER,CURITI - SANTANDER,0
CURUMANI,20228,CESAR,CURUMANI - CESAR,0
DABEIBA,05234,ANTIOQUIA,DABEIBA - ANTIOQUIA,0
DAGUA,76233,VALLE DEL CAUCA,DAGUA - VALLE DEL CAUCA,0
DIBULLA,44090,LA GUAJIRA,DIBULLA - LA GUAJIRA,0
DISTRACCION,44098,LA GUAJIRA,DISTRACCION - LA GUAJIRA,0
DOLORES,73236,TOLIMA,DOLORES - TOLIMA,0
DON MATIAS,05237,ANTIOQUIA,DON MATIAS - ANTIOQUIA,0
DOSQUEBRADAS,66170,RISARALDA,DOSQUEBRADAS - RISARALDA,0
DUITAMA,15238,BOYACA,DUITAMA - BOYACA,0
DURANIA,54239,NORTE DE SANTANDER,DURANIA - NORTE DE SANTANDER,0
EBEJICO,05240,ANTIOQUIA,EBEJICO - ANTIOQUIA,0
EL AGUILA,76243,VALLE DEL CAUCA,EL AGUILA - VALLE DEL CAUCA,0
EL BAGRE,05250,ANTIOQUIA,EL BAGRE - ANTIOQUIA,0
EL BANCO,47245,MAGDALENA,EL BANCO - MAGDALENA,0
EL CAIRO,76246,VALLE DEL CAUCA,EL CAIRO - VALLE DEL CAUCA,0
EL CALVARIO,50245,META,EL CALVARIO - META,0
EL CANTON DEL SAN PABLO,27135,CHOCO,EL CANTON DEL SAN PABLO - CHOCO,0
EL CARMEN,54245,NORTE DE SANTANDER,EL CARMEN - NORTE DE SANTANDER,0
EL CARMEN DE ATRATO,27245,CHOCO,EL CARMEN DE ATRATO - CHOCO,0
EL CARMEN DE BOLIVAR,13244,BOLIVAR,EL CARMEN DE BOLIVAR - BOLIVAR,0
EL CARMEN DE CHUCURI,68235,SANTANDER,EL CARMEN DE CHUCURI - SANTANDER,0
EL CARMEN DE VIBORAL,05148,ANTIOQUIA,EL CARMEN DE VIBORAL - ANTIOQUIA,0
EL CASTILLO,50251,META,EL CASTILLO - META,0
EL CERRITO,76248,VALLE DEL CAUCA,EL CERRITO - VALLE DEL CAUCA,0
EL CHARCO,52250,NARIÑO,EL CHARCO - NARIÑO,0
EL COCUY,15244,BOYACA,EL COCUY - BOYACA,0
EL COLEGIO,25245,CUNDINAMARCA,EL COLEGIO - CUNDINAMARCA,0
EL COPEY,20238,CESAR,EL COPEY - CESAR,0
EL DONCELLO,18247,CAQUETA,EL DONCELLO - CAQUETA,0
EL DORADO,50270,META,EL DORADO - META,0
EL DOVIO,76250,VALLE DEL CAUCA,EL DOVIO - VALLE DEL CAUCA,0
EL ENCANTO,91263,AMAZONAS,EL ENCANTO - AMAZONAS,0
EL ESPINO,15248,BOYACA,EL ESPINO - BOYACA,0
EL GUACAMAYO,68245,SANTANDER,EL GUACAMAYO - SANTANDER,0
EL GUAMO,13248,BOLIVAR,EL GUAMO - BOLIVAR,0
EL LITORAL DEL SAN JUAN,27250,CHOCO,EL LITORAL DEL SAN JUAN - CHOCO,0
EL MOLINO,44110,LA GUAJIRA,EL MOLINO - LA GUAJIRA,0
EL PASO,20250,CESAR,EL PASO - CESAR,0
EL PAUJIL,18256,CAQUETA,EL PAUJIL - CAQUETA,0
EL PEÑOL,52254,NARIÑO,EL PEÑOL - NARIÑO,0
EL PEÑON,13268,BOLIVAR,EL PEÑON - BOLIVAR,1
EL PEÑON,25258,CUNDINAMARCA,EL PEÑON - CUNDINAMARCA,2
EL PEÑON,68250,SANTANDER,EL PEÑON - SANTANDER,3
EL PIÑON,47258,MAGDALENA,EL PIÑON - MAGDALENA,0
EL PLAYON,68255,SANTANDER,EL PLAYON - SANTANDER,0
EL RETEN,47268,MAGDALENA,EL RETEN - MAGDALENA,0
EL RETORNO,95025,GUAVIARE,EL RETORNO - GUAVIARE,0
EL ROBLE,70233,SUCRE,EL ROBLE - SUCRE,0
EL ROSAL,25260,CUNDINAMARCA,EL ROSAL - CUNDINAMARCA,0
EL ROSARIO,52256,NARIÑO,EL ROSARIO - NARIÑO,0
EL SANTUARIO,05697,ANTIOQUIA,EL SANTUARIO - ANTIOQUIA,0
EL TABLON DE GOMEZ,52258,NARIÑO,EL TABLON DE GOMEZ - NARIÑO,0
EL TAMBO,19256,CAUCA,EL TAMBO - CAUCA,1
EL TAMBO,52260,NARIÑO,EL TAMBO - NARIÑO,2
EL TARRA,54250,NORTE DE SANTANDER,EL TARRA - NORTE DE SANTANDER,0
EL ZULIA,54261,NORTE DE SANTANDER,EL ZULIA - NORTE DE SANTANDER,0
ELIAS,41244,HUILA,ELIAS - HUILA,0
ENCINO,68264,SANTANDER,ENCINO - SANTANDER,0
ENCISO,68266,SANTANDER,ENCISO - SANTANDER,0
ENTRERRIOS,05264,ANTIOQUIA,ENTRERRIOS - ANTIOQUIA,0
ENVIGADO,05266,ANTIOQUIA,ENVIGADO - ANTIOQUIA,0
ESPINAL,73268,TOLIMA,ESPINAL - TOLIMA,0
FACATATIVA,25269,CUNDINAMARCA,FACATATIVA - CUNDINAMARCA,0
FALAN,73270,TOLIMA,FALAN - TOLIMA,0
FILADELFIA,17272,CALDAS,FILADELFIA - CALDAS,0
FILANDIA,63272,QUINDIO,FILANDIA - QUINDIO,0
FIRAVITOBA,15272,BOYACA,FIRAVITOBA - BOYACA,0
FLANDES,73275,TOLIMA,FLANDES - TOLIMA,0
FLORENCIA,18001,CAQUETA,FLORENCIA - CAQUETA,1
FLORENCIA,19290,CAUCA,FLORENCIA - CAUCA,2
FLORESTA,15276,BOYACA,FLORESTA - BOYACA,0
FLORIAN,68271,SANTANDER,FLORIAN - SANTANDER,0
FLORIDA,76275,VALLE DEL CAUCA,FLORIDA - VALLE DEL CAUCA,0
FLORIDABLANCA,68276,SANTANDER,FLORIDABLANCA - SANTANDER,0
FOMEQUE,25279,CUNDINAMARCA,FOMEQUE - CUNDINAMARCA,0
FONSECA,44279,LA GUAJIRA,FONSECA - LA GUAJIRA,0
FORTUL,81300,ARAUCA,FORTUL - ARAUCA,0
FOSCA,25281,CUNDINAMARCA,FOSCA - CUNDINAMARCA,0
FRANCISCO PIZARRO,52520,NARIÑO,FRANCISCO PIZARRO - NARIÑO,0
FREDONIA,05282,ANTIOQUIA,FREDONIA - ANTIOQUIA,0
FRESNO,73283,TOLIMA,FRESNO - TOLIMA,0
FRONTINO,05284,ANTIOQUIA,FRONTINO - ANTIOQUIA,0
FUENTE DE ORO,50287,META,FUENTE DE ORO - META,0
FUNDACION,47288,MAGDALENA,FUNDACION - MAGDALENA,0
FUNES,52287,NARIÑO,FUNES - NARIÑO,0
FUNZA,25286,CUNDINAMARCA,FUNZA - CUNDINAMARCA,0
FUQUENE,25288,CUNDINAMARCA,FUQUENE - CUNDINAMARCA,0
FUSAGASUGA,25290,CUNDINAMARCA,FUSAGASUGA - CUNDINAMARCA,0
GACHALA,25293,CUNDINAMARCA,GACHALA - CUNDINAMARCA,0
GACHANCIPA,25295,CUNDINAMARCA,GACHANCIPA - CUNDINAMARCA,0
GACHANTIVA,15293,BOYACA,GACHANTIVA - BOYACA,0
GACHETA,25297,CUNDINAMARCA,GACHETA - CUNDINAMARCA,0
GALAN,68296,SANTANDER,GALAN - SANTANDER,0
GALAPA,08296,ATLANTICO,GALAPA - ATLANTICO,0
GALERAS,70235,SUCRE,GALERAS - SUCRE,0
GAMA,25299,CUNDINAMARCA,GAMA - CUNDINAMARCA,0
GAMARRA,20295,CESAR,GAMARRA - CESAR,0
GAMBITA,68298,SANTANDER,GAMBITA - SANTANDER,0
GAMEZA,15296,BOYACA,GAMEZA - BOYACA,0
GARAGOA,15299,BOYACA,GARAGOA - BOYACA,0
GARZON,41298,HUILA,GARZON - HUILA,0
GENOVA,63302,QUINDIO,GENOVA - QUINDIO,0
GIGANTE,41306,HUILA,GIGANTE - HUILA,0
GINEBRA,76306,VALLE DEL CAUCA,GINEBRA - VALLE DEL CAUCA,0
GIRALDO,05306,ANTIOQUIA,GIRALDO - ANTIOQUIA,0
GIRARDOT,25307,CUNDINAMARCA,GIRARDOT - CUNDINAMARCA,0
GIRARDOTA,05308,ANTIOQUIA,GIRARDOTA - ANTIOQUIA,0
GIRON,68307,SANTANDER,GIRON - SANTANDER,0
GOMEZ PLATA,05310,ANTIOQUIA,GOMEZ PLATA - ANTIOQUIA,0
GONZALEZ,20310,CESAR,GONZALEZ - CESAR,0
GRAMALOTE,54313,NORTE DE SANTANDER,GRAMALOTE - NORTE DE SANTANDER,0
GRANADA,05313,ANTIOQUIA,GRANADA - ANTIOQUIA,1
GRANADA,25312,CUNDINAMARCA,GRANADA - CUNDINAMARCA,2
GRANADA,50313,META,GRANADA - META,3
GUACA,68318,SANTANDER,GUACA - SANTANDER,0
GUACAMAYAS,15317,BOYACA,GUACAMAYAS - BOYACA,0
GUACARI,76318,VALLE DEL CAUCA,GUACARI - VALLE DEL CAUCA,0
GUACHETA,25317,CUNDINAMARCA,GUACHETA - CUNDINAMARCA,0
GUACHUCAL,52317,NARIÑO,GUACHUCAL - NARIÑO,0
GUADALAJARA DE BUGA,76111,VALLE DEL CAUCA,GUADALAJARA DE BUGA - VALLE DEL CAUCA,0
GUADALUPE,05315,ANTIOQUIA,GUADALUPE - ANTIOQUIA,1
GUADALUPE,41319,HUILA,GUADALUPE - HUILA,2
GUADALUPE,68320,SANTANDER,GUADALUPE - SANTANDER,3
GUADUAS,25320,CUNDINAMARCA,GUADUAS - CUNDINAMARCA,0
GUAITARILLA,52320,NARIÑO,GUAITARILLA - NARIÑO,0
GUALMATAN,52323,NARIÑO,GUALMATAN - NARIÑO,0
GUAMAL,47318,MAGDALENA,GUAMAL - MAGDALENA,1
GUAMAL,50318,META,GUAMAL - META,2
GUAMO,73319,TOLIMA,GUAMO - TOLIMA,0
GUAPI,19318,CAUCA,GUAPI - CAUCA,0
GUAPOTA,68322,SANTANDER,GUAPOTA - SANTANDER,0
GUARANDA,70265,SUCRE,GUARANDA - SUCRE,0
GUARNE,05318,ANTIOQUIA,GUARNE - ANTIOQUIA,0
GUASCA,25322,CUNDINAMARCA,GUASCA - CUNDINAMARCA,0
GUATAPE,05321,ANTIOQUIA,GUATAPE - ANTIOQUIA,0
GUATAQUI,25324,CUNDINAMARCA,GUATAQUI - CUNDINAMARCA,0
GUATAVITA,25326,CUNDINAMARCA,GUATAVITA - CUNDINAMARCA,0
GUATEQUE,15322,BOYACA,GUATEQUE - BOYACA,0
GUATICA,66318,RISARALDA,GUATICA - RISARALDA,0
GUAVATA,68324,SANTANDER,GUAVATA - SANTANDER,0
GUAYABAL DE SIQUIMA,25328,CUNDINAMARCA,GUAYABAL DE SIQUIMA - CUNDINAMARCA,0
GUAYABETAL,25335,CUNDINAMARCA,GUAYABETAL - CUNDINAMARCA,0
GUAYATA,15325,BOYACA,GUAYATA - BOYACA,0
GÜEPSA,68327,SANTANDER,GÜEPSA - SANTANDER,0
GÜICAN,15332,BOYACA,GÜICAN - BOYACA,0
GUTIERREZ,25339,CUNDINAMARCA,GUTIERREZ - CUNDINAMARCA,0
HACARI,54344,NORTE DE SANTANDER,HACARI - NORTE DE SANTANDER,0
HATILLO DE LOBA,13300,BOLIVAR,HATILLO DE LOBA - BOLIVAR,0
HATO,68344,SANTANDER,HATO - SANTANDER,0
HATO COROZAL,85125,CASANARE,HATO COROZAL - CASANARE,0
HATONUEVO,44378,LA GUAJIRA,HATONUEVO - LA GUAJIRA,0
HELICONIA,05347,ANTIOQUIA,HELICONIA - ANTIOQUIA,0
HERRAN,54347,NORTE DE SANTANDER,HERRAN - NORTE DE SANTANDER,0
HERVEO,73347,TOLIMA,HERVEO - TOLIMA,0
HISPANIA,05353,ANTIOQUIA,HISPANIA - ANTIOQUIA,0
HOBO,41349,HUILA,HOBO - HUILA,0
HONDA,73349,TOLIMA,HONDA - TOLIMA,0
IBAGUE,73001,TOLIMA,IBAGUE - TOLIMA,0
ICONONZO,73352,TOLIMA,ICONONZO - TOLIMA,0
ILES,52352,NARIÑO,ILES - NARIÑO,0
IMUES,52354,NARIÑO,IMUES - NARIÑO,0
INIRIDA,94001,GUAINIA,INIRIDA - GUAINIA,0
INZA,19355,CAUCA,INZA - CAUCA,0
IPIALES,52356,NARIÑO,IPIALES - NARIÑO,0
IQUIRA,41357,HUILA,IQUIRA - HUILA,0
ISNOS,41359,HUILA,ISNOS - HUILA,0
ISTMINA,27361,CHOCO,ISTMINA - CHOCO,0
ITAGUI,05360,ANTIOQUIA,ITAGUI - ANTIOQUIA,0
ITUANGO,05361,ANTIOQUIA,ITUANGO - ANTIOQUIA,0
IZA,15362,BOYACA,IZA - BOYACA,0
JAMBALO,19364,CAUCA,JAMBALO - CAUCA,0
JAMUNDI,76364,VALLE DEL CAUCA,JAMUNDI - VALLE DEL CAUCA,0
JARDIN,05364,ANTIOQUIA,JARDIN - ANTIOQUIA,0
JENESANO,15367,BOYACA,JENESANO - BOYACA,0
JERICO,05368,ANTIOQUIA,JERICO - ANTIOQUIA,1
JERICO,15368,BOYACA,JERICO - BOYACA,2
JERUSALEN,25368,CUNDINAMARCA,JERUSALEN - CUNDINAMARCA,0
JESUS MARIA,68368,SANTANDER,JESUS MARIA - SANTANDER,0
JORDAN,68370,SANTANDER,JORDAN - SANTANDER,0
JUAN DE ACOSTA,08372,ATLANTICO,JUAN DE ACOSTA - ATLANTICO,0
JUNIN,25372,CUNDINAMARCA,JUNIN - CUNDINAMARCA,0
JURADO,27372,CHOCO,JURADO - CHOCO,0
LA APARTADA,23350,CORDOBA,LA APARTADA - CORDOBA,0
LA ARGENTINA,41378,HUILA,LA ARGENTINA - HUILA,0
LA BELLEZA,68377,SANTANDER,LA BELLEZA - SANTANDER,0
LA CALERA,25377,CUNDINAMARCA,LA CALERA - CUNDINAMARCA,0
LA CAPILLA,15380,BOYACA,LA CAPILLA - BOYACA,0
LA CEJA,05376,ANTIOQUIA,LA CEJA - ANTIOQUIA,0
LA CELIA,66383,RISARALDA,LA CELIA - RISARALDA,0
LA CHORRERA,91405,AMAZONAS,LA CHORRERA - AMAZONAS,0
LA CRUZ,52378,NARIÑO,LA CRUZ - NARIÑO,0
LA CUMBRE,76377,VALLE DEL CAUCA,LA CUMBRE - VALLE DEL CAUCA,0
LA DORADA,17380,CALDAS,LA DORADA - CALDAS,0
LA ESPERANZA,54385,NORTE DE SANTANDER,LA ESPERANZA - NORTE DE SANTANDER,0
LA ESTRELLA,05380,ANTIOQUIA,LA ESTRELLA - ANTIOQUIA,0
LA FLORIDA,52381,NARIÑO,LA FLORIDA - NARIÑO,0
LA GLORIA,20383,CESAR,LA GLORIA - CESAR,0
LA GUADALUPE,94885,GUAINIA,LA GUADALUPE - GUAINIA,0
LA JAGUA DE IBIRICO,20400,CESAR,LA JAGUA DE IBIRICO - CESAR,0
LA JAGUA DEL PILAR,44420,LA GUAJIRA,LA JAGUA DEL PILAR - LA GUAJIRA,0
LA LLANADA,52385,NARIÑO,LA LLANADA - NARIÑO,0
LA MACARENA,50350,META,LA MACARENA - META,0
LA MERCED,17388,CALDAS,LA MERCED - CALDAS,0
LA MESA,25386,CUNDINAMARCA,LA MESA - CUNDINAMARCA,0
LA MONTAÑITA,18410,CAQUETA,LA MONTAÑITA - CAQUETA,0
LA PALMA,25394,CUNDINAMARCA,LA PALMA - CUNDINAMARCA,0
LA PAZ,20621,CESAR,LA PAZ - CESAR,1
LA PAZ,68397,SANTANDER,LA PAZ - SANTANDER,2
LA PEDRERA,91407,AMAZONAS,LA PEDRERA - AMAZONAS,0
LA PEÑA,25398,CUNDINAMARCA,LA PEÑA - CUNDINAMARCA,0
LA PINTADA,05390,ANTIOQUIA,LA PINTADA - ANTIOQUIA,0
LA PLATA,41396,HUILA,LA PLATA - HUILA,0
LA PLAYA,54398,NORTE DE SANTANDER,LA PLAYA - NORTE DE SANTANDER,0
LA PRIMAVERA,99524,VICHADA,LA PRIMAVERA - VICHADA,0
LA SALINA,85136,CASANARE,LA SALINA - CASANARE,0
LA SIERRA,19392,CAUCA,LA SIERRA - CAUCA,0
LA TEBAIDA,63401,QUINDIO,LA TEBAIDA - QUINDIO,0
LA TOLA,52390,NARIÑO,LA TOLA - NARIÑO,0
LA UNION,05400,ANTIOQUIA,LA UNION - ANTIOQUIA,1
LA UNION,52399,NARIÑO,LA UNION - NARIÑO,2
LA UNION,70400,SUCRE,LA UNION - SUCRE,3
LA UNION,76400,VALLE DEL CAUCA,LA UNION - VALLE DEL CAUCA,4
LA UVITA,15403,BOYACA,LA UVITA - BOYACA,0
LA VEGA,19397,CAUCA,LA VEGA - CAUCA,1
LA VEGA,25402,CUNDINAMARCA,LA VEGA - CUNDINAMARCA,2
LA VICTORIA,91430,AMAZONAS,LA VICTORIA - AMAZONAS,1
LA VICTORIA,15401,BOYACA,LA VICTORIA - BOYACA,2
LA VICTORIA,76403,VALLE DEL CAUCA,LA VICTORIA - VALLE DEL CAUCA,3
LA VIRGINIA,66400,RISARALDA,LA VIRGINIA - RISARALDA,0
LABATECA,54377,NORTE DE SANTANDER,LABATECA - NORTE DE SANTANDER,0
LABRANZAGRANDE,15377,BOYACA,LABRANZAGRANDE - BOYACA,0
LANDAZURI,68385,SANTANDER,LANDAZURI - SANTANDER,0
LEBRIJA,68406,SANTANDER,LEBRIJA - SANTANDER,0
LEGUIZAMO,86573,PUTUMAYO,LEGUIZAMO - PUTUMAYO,0
LEIVA,52405,NARIÑO,LEIVA - NARIÑO,0
LEJANIAS,50400,META,LEJANIAS - META,0
LENGUAZAQUE,25407,CUNDINAMARCA,LENGUAZAQUE - CUNDINAMARCA,0
LERIDA,73408,TOLIMA,LERIDA - TOLIMA,0
LETICIA,91001,AMAZONAS,LETICIA - AMAZONAS,0
LIBANO,73411,TOLIMA,LIBANO - TOLIMA,0
LIBORINA,05411,ANTIOQUIA,LIBORINA - ANTIOQUIA,0
LINARES,52411,NARIÑO,LINARES - NARIÑO,0
LLORO,27413,CHOCO,LLORO - CHOCO,0
LOPEZ,19418,CAUCA,LOPEZ - CAUCA,0
LORICA,23417,CORDOBA,LORICA - CORDOBA,0
LOS ANDES,52418,NARIÑO,LOS ANDES - NARIÑO,0
LOS CORDOBAS,23419,CORDOBA,LOS CORDOBAS - CORDOBA,0
LOS PALMITOS,70418,SUCRE,LOS PALMITOS - SUCRE,0
LOS PATIOS,54405,NORTE DE SANTANDER,LOS PATIOS - NORTE DE SANTANDER,0
LOS SANTOS,68418,SANTANDER,LOS SANTOS - SANTANDER,0
LOURDES,54418,NORTE DE SANTANDER,LOURDES - NORTE DE SANTANDER,0
LURUACO,08421,ATLANTICO,LURUACO - ATLANTICO,0
MACANAL,15425,BOYACA,MACANAL - BOYACA,0
MACARAVITA,68425,SANTANDER,MACARAVITA - SANTANDER,0
MACEO,05425,ANTIOQUIA,MACEO - ANTIOQUIA,0
MACHETA,25426,CUNDINAMARCA,MACHETA - CUNDINAMARCA,0
MADRID,25430,CUNDINAMARCA,MADRID - CUNDINAMARCA,0
MAGANGUE,13430,BOLIVAR,MAGANGUE - BOLIVAR,0
MAGÜI,52427,NARIÑO,MAGÜI - NARIÑO,0
MAHATES,13433,BOLIVAR,MAHATES - BOLIVAR,0
MAICAO,44430,LA GUAJIRA,MAICAO - LA GUAJIRA,0
MAJAGUAL,70429,SUCRE,MAJAGUAL - SUCRE,0
MALAGA,68432,SANTANDER,MALAGA - SANTANDER,0
MALAMBO,08433,ATLANTICO,MALAMBO - ATLANTICO,0
MALLAMA,52435,NARIÑO,MALLAMA - NARIÑO,0
MANATI,08436,ATLANTICO,MANATI - ATLANTICO,0
MANAURE,20443,CESAR,MANAURE - CESAR,1
MANAURE,44560,LA GUAJIRA,MANAURE - LA GUAJIRA,2
MANI,85139,CASANARE,MANI - CASANARE,0
MANIZALES,17001,CALDAS,MANIZALES - CALDAS,0
MANTA,25436,CUNDINAMARCA,MANTA - CUNDINAMARCA,0
MANZANARES,17433,CALDAS,MANZANARES - CALDAS,0
MAPIRIPAN,50325,META,MAPIRIPAN - META,0
MAPIRIPANA,94663,GUAINIA,MAPIRIPANA - GUAINIA,0
MARGARITA,13440,BOLIVAR,MARGARITA - BOLIVAR,0
MARIA LA BAJA,13442,BOLIVAR,MARIA LA BAJA - BOLIVAR,0
MARINILLA,05440,ANTIOQUIA,MARINILLA - ANTIOQUIA,0
MARIPI,15442,BOYACA,MARIPI - BOYACA,0
MARIQUITA,73443,TOLIMA,MARIQUITA - TOLIMA,0
MARMATO,17442,CALDAS,MARMATO - CALDAS,0
MARQUETALIA,17444,CALDAS,MARQUETALIA - CALDAS,0
MARSELLA,66440,RISARALDA,MARSELLA - RISARALDA,0
MARULANDA,17446,CALDAS,MARULANDA - CALDAS,0
MATANZA,68444,SANTANDER,MATANZA - SANTANDER,0
MEDELLIN,05001,ANTIOQUIA,MEDELLIN - ANTIOQUIA,0
MEDINA,25438,CUNDINAMARCA,MEDINA - CUNDINAMARCA,0
MEDIO ATRATO,27425,CHOCO,MEDIO ATRATO - CHOCO,0
MEDIO BAUDO,27430,CHOCO,MEDIO BAUDO - CHOCO,0
MEDIO SAN JUAN,27450,CHOCO,MEDIO SAN JUAN - CHOCO,0
MELGAR,73449,TOLIMA,MELGAR - TOLIMA,0
MERCADERES,19450,CAUCA,MERCADERES - CAUCA,0
MESETAS,50330,META,MESETAS - META,0
MILAN,18460,CAQUETA,MILAN - CAQUETA,0
MIRAFLORES,15455,BOYACA,MIRAFLORES - BOYACA,1
MIRAFLORES,95200,GUAVIARE,MIRAFLORES - GUAVIARE,2
MIRANDA,19455,CAUCA,MIRANDA - CAUCA,0
MIRITI - PARANA,91460,AMAZONAS,MIRITI - PARANA - AMAZONAS,0
MISTRATO,66456,RISARALDA,MISTRATO - RISARALDA,0
MITU,97001,VAUPES,MITU - VAUPES,0
MOCOA,86001,PUTUMAYO,MOCOA - PUTUMAYO,0
MOGOTES,68464,SANTANDER,MOGOTES - SANTANDER,0
MOLAGAVITA,68468,SANTANDER,MOLAGAVITA - SANTANDER,0
MOMIL,23464,CORDOBA,MOMIL - CORDOBA,0
MOMPOS,13468,BOLIVAR,MOMPOS - BOLIVAR,0
MONGUA,15464,BOYACA,MONGUA - BOYACA,0
MONGUI,15466,BOYACA,MONGUI - BOYACA,0
MONIQUIRA,15469,BOYACA,MONIQUIRA - BOYACA,0
MONTEBELLO,05467,ANTIOQUIA,MONTEBELLO - ANTIOQUIA,0
MONTECRISTO,13458,BOLIVAR,MONTECRISTO - BOLIVAR,0
MONTELIBANO,23466,CORDOBA,MONTELIBANO - CORDOBA,0
MONTENEGRO,63470,QUINDIO,MONTENEGRO - QUINDIO,0
MONTERIA,23001,CORDOBA,MONTERIA - CORDOBA,0
MONTERREY,85162,CASANARE,MONTERREY - CASANARE,0
MOÑITOS,23500,CORDOBA,MOÑITOS - CORDOBA,0
MORALES,13473,BOLIVAR,MORALES - BOLIVAR,1
MORALES,19473,CAUCA,MORALES - CAUCA,2
MORELIA,18479,CAQUETA,MORELIA - CAQUETA,0
MORICHAL,94888,GUAINIA,MORICHAL - GUAINIA,0
MORROA,70473,SUCRE,MORROA - SUCRE,0
MOSQUERA,25473,CUNDINAMARCA,MOSQUERA - CUNDINAMARCA,1
MOSQUERA,52473,NARIÑO,MOSQUERA - NARIÑO,2
MOTAVITA,15476,BOYACA,MOTAVITA - BOYACA,0
MURILLO,73461,TOLIMA,MURILLO - TOLIMA,0
MURINDO,05475,ANTIOQUIA,MURINDO - ANTIOQUIA,0
MUTATA,05480,ANTIOQUIA,MUTATA - ANTIOQUIA,0
MUTISCUA,54480,NORTE DE SANTANDER,MUTISCUA - NORTE DE SANTANDER,0
MUZO,15480,BOYACA,MUZO - BOYACA,0
NARIÑO,05483,ANTIOQUIA,NARIÑO - ANTIOQUIA,1
NARIÑO,25483,CUNDINAMARCA,NARIÑO - CUNDINAMARCA,2
NARIÑO,52480,NARIÑO,NARIÑO - NARIÑO,3
NATAGA,41483,HUILA,NATAGA - HUILA,0
NATAGAIMA,73483,TOLIMA,NATAGAIMA - TOLIMA,0
NECHI,05495,ANTIOQUIA,NECHI - ANTIOQUIA,0
NECOCLI,05490,ANTIOQUIA,NECOCLI - ANTIOQUIA,0
NEIRA,17486,CALDAS,NEIRA - CALDAS,0
NEIVA,41001,HUILA,NEIVA - HUILA,0
NEMOCON,25486,CUNDINAMARCA,NEMOCON - CUNDINAMARCA,0
NILO,25488,CUNDINAMARCA,NILO - CUNDINAMARCA,0
NIMAIMA,25489,CUNDINAMARCA,NIMAIMA - CUNDINAMARCA,0
NOBSA,15491,BOYACA,NOBSA - BOYACA,0
NOCAIMA,25491,CUNDINAMARCA,NOCAIMA - CUNDINAMARCA,0
NORCASIA,17495,CALDAS,NORCASIA - CALDAS,0
NOVITA,27491,CHOCO,NOVITA - CHOCO,0
NUEVA GRANADA,47460,MAGDALENA,NUEVA GRANADA - MAGDALENA,0
NUEVO COLON,15494,BOYACA,NUEVO COLON - BOYACA,0
NUNCHIA,85225,CASANARE,NUNCHIA - CASANARE,0
NUQUI,27495,CHOCO,NUQUI - CHOCO,0
OBANDO,76497,VALLE DEL CAUCA,OBANDO - VALLE DEL CAUCA,0
OCAMONTE,68498,SANTANDER,OCAMONTE - SANTANDER,0
OCAÑA,54498,NORTE DE SANTANDER,OCAÑA - NORTE DE SANTANDER,0
OIBA,68500,SANTANDER,OIBA - SANTANDER,0
OICATA,15500,BOYACA,OICATA - BOYACA,0
OLAYA,05501,ANTIOQUIA,OLAYA - ANTIOQUIA,0
OLAYA HERRERA,52490,NARIÑO,OLAYA HERRERA - NARIÑO,0
ONZAGA,68502,SANTANDER,ONZAGA - SANTANDER,0
OPORAPA,41503,HUILA,OPORAPA - HUILA,0
ORITO,86320,PUTUMAYO,ORITO - PUTUMAYO,0
OROCUE,85230,CASANARE,OROCUE - CASANARE,0
ORTEGA,73504,TOLIMA,ORTEGA - TOLIMA,0
OSPINA,52506,NARIÑO,OSPINA - NARIÑO,0
OTANCHE,15507,BOYACA,OTANCHE - BOYACA,0
OVEJAS,70508,SUCRE,OVEJAS - SUCRE,0
PACHAVITA,15511,BOYACA,PACHAVITA - BOYACA,0
PACHO,25513,CUNDINAMARCA,PACHO - CUNDINAMARCA,0
PACOA,97511,VAUPES,PACOA - VAUPES,0
PACORA,17513,CALDAS,PACORA - CALDAS,0
PADILLA,19513,CAUCA,PADILLA - CAUCA,0
PAEZ,19517,CAUCA,PAEZ - CAUCA,0
PAEZ,15514,BOYACA,PAEZ - BOYACA,0
PAICOL,41518,HUILA,PAICOL - HUILA,0
PAILITAS,20517,CESAR,PAILITAS - CESAR,0
PAIME,25518,CUNDINAMARCA,PAIME - CUNDINAMARCA,0
PAIPA,15516,BOYACA,PAIPA - BOYACA,0
PAJARITO,15518,BOYACA,PAJARITO - BOYACA,0
PALERMO,41524,HUILA,PALERMO - HUILA,0
PALESTINA,17524,CALDAS,PALESTINA - CALDAS,1
PALESTINA,41530,HUILA,PALESTINA - HUILA,2
PALMAR,68522,SANTANDER,PALMAR - SANTANDER,0
PALMAR DE VARELA,08520,ATLANTICO,PALMAR DE VARELA - ATLANTICO,0
PALMAS DEL SOCORRO,68524,SANTANDER,PALMAS DEL SOCORRO - SANTANDER,0
PALMIRA,76520,VALLE DEL CAUCA,PALMIRA - VALLE DEL CAUCA,0
PALMITO,70523,SUCRE,PALMITO - SUCRE,0
PALOCABILDO,73520,TOLIMA,PALOCABILDO - TOLIMA,0
PAMPLONA,54518,NORTE DE SANTANDER,PAMPLONA - NORTE DE SANTANDER,0
PAMPLONITA,54520,NORTE DE SANTANDER,PAMPLONITA - NORTE DE SANTANDER,0
PANA PANA,94887,GUAINIA,PANA PANA - GUAINIA,0
PANDI,25524,CUNDINAMARCA,PANDI - CUNDINAMARCA,0
PANQUEBA,15522,BOYACA,PANQUEBA - BOYACA,0
PAPUNAUA,97777,VAUPES,PAPUNAUA - VAUPES,0
PARAMO,68533,SANTANDER,PARAMO - SANTANDER,0
PARATEBUENO,25530,CUNDINAMARCA,PARATEBUENO - CUNDINAMARCA,0
PASCA,25535,CUNDINAMARCA,PASCA - CUNDINAMARCA,0
PASTO,52001,NARIÑO,PASTO - NARIÑO,0
PATIA,19532,CAUCA,PATIA - CAUCA,0
PAUNA,15531,BOYACA,PAUNA - BOYACA,0
PAYA,15533,BOYACA,PAYA - BOYACA,0
PAZ DE ARIPORO,85250,CASANARE,PAZ DE ARIPORO - CASANARE,0
PAZ DE RIO,15537,BOYACA,PAZ DE RIO - BOYACA,0
PEDRAZA,47541,MAGDALENA,PEDRAZA - MAGDALENA,0
PELAYA,20550,CESAR,PELAYA - CESAR,0
PENSILVANIA,17541,CALDAS,PENSILVANIA - CALDAS,0
PEÑOL,05541,ANTIOQUIA,PEÑOL - ANTIOQUIA,0
PEQUE,05543,ANTIOQUIA,PEQUE - ANTIOQUIA,0
PEREIRA,66001,RISARALDA,PEREIRA - RISARALDA,0
PESCA,15542,BOYACA,PESCA - BOYACA,0
PIAMONTE,19533,CAUCA,PIAMONTE - CAUCA,0
PIEDECUESTA,68547,SANTANDER,PIEDECUESTA - SANTANDER,0
PIEDRAS,73547,TOLIMA,PIEDRAS - TOLIMA,0
PIENDAMO,19548,CAUCA,PIENDAMO - CAUCA,0
PIJAO,63548,QUINDIO,PIJAO - QUINDIO,0
PIJIÑO DEL CARMEN,47545,MAGDALENA,PIJIÑO DEL CARMEN - MAGDALENA,0
PINCHOTE,68549,SANTANDER,PINCHOTE - SANTANDER,0
PINILLOS,13549,BOLIVAR,PINILLOS - BOLIVAR,0
PIOJO,08549,ATLANTICO,PIOJO - ATLANTICO,0
PISBA,15550,BOYACA,PISBA - BOYACA,0
PITAL,41548,HUILA,PITAL - HUILA,0
PITALITO,41551,HUILA,PITALITO - HUILA,0
PIVIJAY,47551,MAGDALENA,PIVIJAY - MAGDALENA,0
PLANADAS,73555,TOLIMA,PLANADAS - TOLIMA,0
PLANETA RICA,23555,CORDOBA,PLANETA RICA - CORDOBA,0
PLATO,47555,MAGDALENA,PLATO - MAGDALENA,0
POLICARPA,52540,NARIÑO,POLICARPA - NARIÑO,0
POLONUEVO,08558,ATLANTICO,POLONUEVO - ATLANTICO,0
PONEDERA,08560,ATLANTICO,PONEDERA - ATLANTICO,0
POPAYAN,19001,CAUCA,POPAYAN - CAUCA,0
PORE,85263,CASANARE,PORE - CASANARE,0
POTOSI,52560,NARIÑO,POTOSI - NARIÑO,0
PRADERA,76563,VALLE DEL CAUCA,PRADERA - VALLE DEL CAUCA,0
PRADO,73563,TOLIMA,PRADO - TOLIMA,0
PROVIDENCIA,88564,ARCHIPIELAGO DE SAN ANDRES,PROVIDENCIA - ARCHIPIELAGO DE SAN ANDRES,1
PROVIDENCIA,52565,NARIÑO,PROVIDENCIA - NARIÑO,2
PUEBLO BELLO,20570,CESAR,PUEBLO BELLO - CESAR,0
PUEBLO NUEVO,23570,CORDOBA,PUEBLO NUEVO - CORDOBA,0
PUEBLO RICO,66572,RISARALDA,PUEBLO RICO - RISARALDA,0
PUEBLORRICO,05576,ANTIOQUIA,PUEBLORRICO - ANTIOQUIA,0
PUEBLOVIEJO,47570,MAGDALENA,PUEBLOVIEJO - MAGDALENA,0
PUENTE NACIONAL,68572,SANTANDER,PUENTE NACIONAL - SANTANDER,0
PUERRES,52573,NARIÑO,PUERRES - NARIÑO,0
PUERTO ALEGRIA,91530,AMAZONAS,PUERTO ALEGRIA - AMAZONAS,0
PUERTO ARICA,91536,AMAZONAS,PUERTO ARICA - AMAZONAS,0
PUERTO ASIS,86568,PUTUMAYO,PUERTO ASIS - PUTUMAYO,0
PUERTO BERRIO,05579,ANTIOQUIA,PUERTO BERRIO - ANTIOQUIA,0
PUERTO BOYACA,15572,BOYACA,PUERTO BOYACA - BOYACA,0
PUERTO CAICEDO,86569,PUTUMAYO,PUERTO CAICEDO - PUTUMAYO,0
PUERTO CARREÑO,99001,VICHADA,PUERTO CARREÑO - VICHADA,0
PUERTO COLOMBIA,08573,ATLANTICO,PUERTO COLOMBIA - ATLANTICO,1
PUERTO COLOMBIA,94884,GUAINIA,PUERTO COLOMBIA - GUAINIA,2
PUERTO CONCORDIA,50450,META,PUERTO CONCORDIA - META,0
PUERTO ESCONDIDO,23574,CORDOBA,PUERTO ESCONDIDO - CORDOBA,0
PUERTO GAITAN,50568,META,PUERTO GAITAN - META,0
PUERTO GUZMAN,86571,PUTUMAYO,PUERTO GUZMAN - PUTUMAYO,0
PUERTO LIBERTADOR,23580,CORDOBA,PUERTO LIBERTADOR - CORDOBA,0
PUERTO LLERAS,50577,META,PUERTO LLERAS - META,0
PUERTO LOPEZ,50573,META,PUERTO LOPEZ - META,0
PUERTO NARE,05585,ANTIOQUIA,PUERTO NARE - ANTIOQUIA,0
PUERTO NARIÑO,91540,AMAZONAS,PUERTO NARIÑO - AMAZONAS,0
PUERTO PARRA,68573,SANTANDER,PUERTO PARRA - SANTANDER,0
PUERTO RICO,18592,CAQUETA,PUERTO RICO - CAQUETA,1
PUERTO RICO,50590,META,PUERTO RICO - META,2
PUERTO RONDON,81591,ARAUCA,PUERTO RONDON - ARAUCA,0
PUERTO SALGAR,25572,CUNDINAMARCA,PUERTO SALGAR - CUNDINAMARCA,0
PUERTO SANTANDER,91669,AMAZONAS,PUERTO SANTANDER - AMAZONAS,1
PUERTO SANTANDER,54553,NORTE DE SANTANDER,PUERTO SANTANDER - NORTE DE SANTANDER,2
PUERTO TEJADA,19573,CAUCA,PUERTO TEJADA - CAUCA,0
PUERTO TRIUNFO,05591,ANTIOQUIA,PUERTO TRIUNFO - ANTIOQUIA,0
PUERTO WILCHES,68575,SANTANDER,PUERTO WILCHES - SANTANDER,0
PULI,25580,CUNDINAMARCA,PULI - CUNDINAMARCA,0
PUPIALES,52585,NARIÑO,PUPIALES - NARIÑO,0
PURACE,19585,CAUCA,PURACE - CAUCA,0
PURIFICACION,73585,TOLIMA,PURIFICACION - TOLIMA,0
PURISIMA,23586,CORDOBA,PURISIMA - CORDOBA,0
QUEBRADANEGRA,25592,CUNDINAMARCA,QUEBRADANEGRA - CUNDINAMARCA,0
QUETAME,25594,CUNDINAMARCA,QUETAME - CUNDINAMARCA,0
QUIBDO,27001,CHOCO,QUIBDO - CHOCO,0
QUIMBAYA,63594,QUINDIO,QUIMBAYA - QUINDIO,0
QUINCHIA,66594,RISARALDA,QUINCHIA - RISARALDA,0
QUIPAMA,15580,BOYACA,QUIPAMA - BOYACA,0
QUIPILE,25596,CUNDINAMARCA,QUIPILE - CUNDINAMARCA,0
RAGONVALIA,54599,NORTE DE SANTANDER,RAGONVALIA - NORTE DE SANTANDER,0
RAMIRIQUI,15599,BOYACA,RAMIRIQUI - BOYACA,0
RAQUIRA,15600,BOYACA,RAQUIRA - BOYACA,0
RECETOR,85279,CASANARE,RECETOR - CASANARE,0
REGIDOR,13580,BOLIVAR,REGIDOR - BOLIVAR,0
REMEDIOS,05604,ANTIOQUIA,REMEDIOS - ANTIOQUIA,0
REMOLINO,47605,MAGDALENA,REMOLINO - MAGDALENA,0
REPELON,08606,ATLANTICO,REPELON - ATLANTICO,0
RESTREPO,50606,META,RESTREPO - META,1
RESTREPO,76606,VALLE DEL CAUCA,RESTREPO - VALLE DEL CAUCA,2
RETIRO,05607,ANTIOQUIA,RETIRO - ANTIOQUIA,0
RICAURTE,25612,CUNDINAMARCA,RICAURTE - CUNDINAMARCA,1
RICAURTE,52612,NARIÑO,RICAURTE - NARIÑO,2
RIO DE ORO,20614,CESAR,RIO DE ORO - CESAR,0
RIO IRO,27580,CHOCO,RIO IRO - CHOCO,0
RIO QUITO,27600,CHOCO,RIO QUITO - CHOCO,0
RIO VIEJO,13600,BOLIVAR,RIO VIEJO - BOLIVAR,0
RIOBLANCO,73616,TOLIMA,RIOBLANCO - TOLIMA,0
RIOFRIO,76616,VALLE DEL CAUCA,RIOFRIO - VALLE DEL CAUCA,0
RIOHACHA,44001,LA GUAJIRA,RIOHACHA - LA GUAJIRA,0
RIONEGRO,05615,ANTIOQUIA,RIONEGRO - ANTIOQUIA,1
RIONEGRO,68615,SANTANDER,RIONEGRO - SANTANDER,2
RIOSUCIO,17614,CALDAS,RIOSUCIO - CALDAS,1
RIOSUCIO,27615,CHOCO,RIOSUCIO - CHOCO,2
RISARALDA,17616,CALDAS,RISARALDA - CALDAS,0
RIVERA,41615,HUILA,RIVERA - HUILA,0
ROBERTO PAYAN,52621,NARIÑO,ROBERTO PAYAN - NARIÑO,0
ROLDANILLO,76622,VALLE DEL CAUCA,ROLDANILLO - VALLE DEL CAUCA,0
RONCESVALLES,73622,TOLIMA,RONCESVALLES - TOLIMA,0
RONDON,15621,BOYACA,RONDON - BOYACA,0
ROSAS,19622,CAUCA,ROSAS - CAUCA,0
ROVIRA,73624,TOLIMA,ROVIRA - TOLIMA,0
SABANA DE TORRES,68655,SANTANDER,SABANA DE TORRES - SANTANDER,0
SABANAGRANDE,08634,ATLANTICO,SABANAGRANDE - ATLANTICO,0
SABANALARGA,05628,ANTIOQUIA,SABANALARGA - ANTIOQUIA,1
SABANALARGA,08638,ATLANTICO,SABANALARGA - ATLANTICO,2
SABANALARGA,85300,CASANARE,SABANALARGA - CASANARE,3
SABANAS DE SAN ANGEL,47660,MAGDALENA,SABANAS DE SAN ANGEL - MAGDALENA,0
SABANETA,05631,ANTIOQUIA,SABANETA - ANTIOQUIA,0
SABOYA,15632,BOYACA,SABOYA - BOYACA,0
SACAMA,85315,CASANARE,SACAMA - CASANARE,0
SACHICA,15638,BOYACA,SACHICA - BOYACA,0
SAHAGUN,23660,CORDOBA,SAHAGUN - CORDOBA,0
SALADOBLANCO,41660,HUILA,SALADOBLANCO - HUILA,0
SALAMINA,17653,CALDAS,SALAMINA - CALDAS,1
SALAMINA,47675,MAGDALENA,SALAMINA - MAGDALENA,2
SALAZAR,54660,NORTE DE SANTANDER,SALAZAR - NORTE DE SANTANDER,0
SALDAÑA,73671,TOLIMA,SALDAÑA - TOLIMA,0
SALENTO,63690,QUINDIO,SALENTO - QUINDIO,0
SALGAR,05642,ANTIOQUIA,SALGAR - ANTIOQUIA,0
SAMACA,15646,BOYACA,SAMACA - BOYACA,0
SAMANA,17662,CALDAS,SAMANA - CALDAS,0
SAMANIEGO,52678,NARIÑO,SAMANIEGO - NARIÑO,0
SAMPUES,70670,SUCRE,SAMPUES - SUCRE,0
SAN AGUSTIN,41668,HUILA,SAN AGUSTIN - HUILA,0
SAN ALBERTO,20710,CESAR,SAN ALBERTO - CESAR,0
SAN ANDRES,88001,ARCHIPIELAGO DE SAN ANDRES,SAN ANDRES - ARCHIPIELAGO DE SAN ANDRES,1
SAN ANDRES,68669,SANTANDER,SAN ANDRES - SANTANDER,2
SAN ANDRES DE CUERQUIA,05647,ANTIOQUIA,SAN ANDRES DE CUERQUIA - ANTIOQUIA,0
SAN ANDRES DE TUMACO,52835,NARIÑO,SAN ANDRES DE TUMACO - NARIÑO,0
SAN ANDRES SOTAVENTO,23670,CORDOBA,SAN ANDRES SOTAVENTO - CORDOBA,0
SAN ANTERO,23672,CORDOBA,SAN ANTERO - CORDOBA,0
SAN ANTONIO,73675,TOLIMA,SAN ANTONIO - TOLIMA,0
SAN ANTONIO DEL TEQUENDAMA,25645,CUNDINAMARCA,SAN ANTONIO DEL TEQUENDAMA - CUNDINAMARCA,0
SAN BENITO,68673,SANTANDER,SAN BENITO - SANTANDER,0
SAN BENITO ABAD,70678,SUCRE,SAN BENITO ABAD - SUCRE,0
SAN BERNARDO,25649,CUNDINAMARCA,SAN BERNARDO - CUNDINAMARCA,1
SAN BERNARDO,52685,NARIÑO,SAN BERNARDO - NARIÑO,2
SAN BERNARDO DEL VIENTO,23675,CORDOBA,SAN BERNARDO DEL VIENTO - CORDOBA,0
SAN CALIXTO,54670,NORTE DE SANTANDER,SAN CALIXTO - NORTE DE SANTANDER,0
SAN CARLOS,05649,ANTIOQUIA,SAN CARLOS - ANTIOQUIA,1
SAN CARLOS,23678,CORDOBA,SAN CARLOS - CORDOBA,2
SAN CARLOS DE GUAROA,50680,META,SAN CARLOS DE GUAROA - META,0
SAN CAYETANO,25653,CUNDINAMARCA,SAN CAYETANO - CUNDINAMARCA,1
SAN CAYETANO,54673,NORTE DE SANTANDER,SAN CAYETANO - NORTE DE SANTANDER,2
SAN CRISTOBAL,13620,BOLIVAR,SAN CRISTOBAL - BOLIVAR,0
SAN DIEGO,20750,CESAR,SAN DIEGO - CESAR,0
SAN EDUARDO,15660,BOYACA,SAN EDUARDO - BOYACA,0
SAN ESTANISLAO,13647,BOLIVAR,SAN ESTANISLAO - BOLIVAR,0
SAN FELIPE,94883,GUAINIA,SAN FELIPE - GUAINIA,0
SAN FERNANDO,13650,BOLIVAR,SAN FERNANDO - BOLIVAR,0
SAN FRANCISCO,05652,ANTIOQUIA,SAN FRANCISCO - ANTIOQUIA,1
SAN FRANCISCO,25658,CUNDINAMARCA,SAN FRANCISCO - CUNDINAMARCA,2
SAN FRANCISCO,86755,PUTUMAYO,SAN FRANCISCO - PUTUMAYO,3
SAN GIL,68679,SANTANDER,SAN GIL - SANTANDER,0
SAN JACINTO,13654,BOLIVAR,SAN JACINTO - BOLIVAR,0
SAN JACINTO DEL CAUCA,13655,BOLIVAR,SAN JACINTO DEL CAUCA - BOLIVAR,0
SAN JERONIMO,05656,ANTIOQUIA,SAN JERONIMO - ANTIOQUIA,0
SAN JOAQUIN,68682,SANTANDER,SAN JOAQUIN - SANTANDER,0
SAN JOSE,17665,CALDAS,SAN JOSE - CALDAS,0
SAN JOSE DE LA MONTAÑA,05658,ANTIOQUIA,SAN JOSE DE LA MONTAÑA - ANTIOQUIA,0
SAN JOSE DE MIRANDA,68684,SANTANDER,SAN JOSE DE MIRANDA - SANTANDER,0
SAN JOSE DE PARE,15664,BOYACA,SAN JOSE DE PARE - BOYACA,0
SAN JOSE DEL FRAGUA,18610,CAQUETA,SAN JOSE DEL FRAGUA - CAQUETA,0
SAN JOSE DEL GUAVIARE,95001,GUAVIARE,SAN JOSE DEL GUAVIARE - GUAVIARE,0
SAN JOSE DEL PALMAR,27660,CHOCO,SAN JOSE DEL PALMAR - CHOCO,0
SAN JUAN DE ARAMA,50683,META,SAN JUAN DE ARAMA - META,0
SAN JUAN DE BETULIA,70702,SUCRE,SAN JUAN DE BETULIA - SUCRE,0
SAN JUAN DE RIO SECO,25662,CUNDINAMARCA,SAN JUAN DE RIO SECO - CUNDINAMARCA,0
SAN JUAN DE URABA,05659,ANTIOQUIA,SAN JUAN DE URABA - ANTIOQUIA,0
SAN JUAN DEL CESAR,44650,LA GUAJIRA,SAN JUAN DEL CESAR - LA GUAJIRA,0
SAN JUAN NEPOMUCENO,13657,BOLIVAR,SAN JUAN NEPOMUCENO - BOLIVAR,0
SAN JUANITO,50686,META,SAN JUANITO - META,0
SAN LORENZO,52687,NARIÑO,SAN LORENZO - NARIÑO,0
SAN LUIS,05660,ANTIOQUIA,SAN LUIS - ANTIOQUIA,1
SAN LUIS,73678,TOLIMA,SAN LUIS - TOLIMA,2
SAN LUIS DE GACENO,15667,BOYACA,SAN LUIS DE GACENO - BOYACA,0
SAN LUIS DE PALENQUE,85325,CASANARE,SAN LUIS DE PALENQUE - CASANARE,0
SAN LUIS DE SINCE,70742,SUCRE,SAN LUIS DE SINCE - SUCRE,0
SAN MARCOS,70708,SUCRE,SAN MARCOS - SUCRE,0
SAN MARTIN,20770,CESAR,SAN MARTIN - CESAR,1
SAN MARTIN,50689,META,SAN MARTIN - META,2
SAN MARTIN DE LOBA,13667,BOLIVAR,SAN MARTIN DE LOBA - BOLIVAR,0
SAN MATEO,15673,BOYACA,SAN MATEO - BOYACA,0
SAN MIGUEL,86757,PUTUMAYO,SAN MIGUEL - PUTUMAYO,1
SAN MIGUEL,68686,SANTANDER,SAN MIGUEL - SANTANDER,2
SAN MIGUEL DE SEMA,15676,BOYACA,SAN MIGUEL DE SEMA - BOYACA,0
SAN ONOFRE,70713,SUCRE,SAN ONOFRE - SUCRE,0
SAN PABLO,13670,BOLIVAR,SAN PABLO - BOLIVAR,1
SAN PABLO,52693,NARIÑO,SAN PABLO - NARIÑO,2
SAN PABLO DE BORBUR,15681,BOYACA,SAN PABLO DE BORBUR - BOYACA,0
SAN PEDRO,05664,ANTIOQUIA,SAN PEDRO - ANTIOQUIA,1
SAN PEDRO,70717,SUCRE,SAN PEDRO - SUCRE,2
SAN PEDRO,76670,VALLE DEL CAUCA,SAN PEDRO - VALLE DEL CAUCA,3
SAN PEDRO DE CARTAGO,52694,NARIÑO,SAN PEDRO DE CARTAGO - NARIÑO,0
SAN PEDRO DE URABA,05665,ANTIOQUIA,SAN PEDRO DE URABA - ANTIOQUIA,0
SAN PELAYO,23686,CORDOBA,SAN PELAYO - CORDOBA,0
SAN RAFAEL,05667,ANTIOQUIA,SAN RAFAEL - ANTIOQUIA,0
SAN ROQUE,05670,ANTIOQUIA,SAN ROQUE - ANTIOQUIA,0
SAN SEBASTIAN,19693,CAUCA,SAN SEBASTIAN - CAUCA,0
SAN SEBASTIAN DE BUENAVISTA,47692,MAGDALENA,SAN SEBASTIAN DE BUENAVISTA - MAGDALENA,0
SAN VICENTE,05674,ANTIOQUIA,SAN VICENTE - ANTIOQUIA,0
SAN VICENTE DE CHUCURI,68689,SANTANDER,SAN VICENTE DE CHUCURI - SANTANDER,0
SAN VICENTE DEL CAGUAN,18753,CAQUETA,SAN VICENTE DEL CAGUAN - CAQUETA,0
SAN ZENON,47703,MAGDALENA,SAN ZENON - MAGDALENA,0
SANDONA,52683,NARIÑO,SANDONA - NARIÑO,0
SANTA ANA,47707,MAGDALENA,SANTA ANA - MAGDALENA,0
SANTA BARBARA,05679,ANTIOQUIA,SANTA BARBARA - ANTIOQUIA,1
SANTA BARBARA,52696,NARIÑO,SANTA BARBARA - NARIÑO,2
SANTA BARBARA,68705,SANTANDER,SANTA BARBARA - SANTANDER,3
SANTA BARBARA DE PINTO,47720,MAGDALENA,SANTA BARBARA DE PINTO - MAGDALENA,0
SANTA CATALINA,13673,BOLIVAR,SANTA CATALINA - BOLIVAR,0
SANTA HELENA DEL OPON,68720,SANTANDER,SANTA HELENA DEL OPON - SANTANDER,0
SANTA ISABEL,73686,TOLIMA,SANTA ISABEL - TOLIMA,0
SANTA LUCIA,08675,ATLANTICO,SANTA LUCIA - ATLANTICO,0
SANTA MARIA,15690,BOYACA,SANTA MARIA - BOYACA,1
SANTA MARIA,41676,HUILA,SANTA MARIA - HUILA,2
SANTA MARTA,47001,MAGDALENA,SANTA MARTA - MAGDALENA,0
SANTA ROSA,13683,BOLIVAR,SANTA ROSA - BOLIVAR,1
SANTA ROSA,19701,CAUCA,SANTA ROSA - CAUCA,2
SANTA ROSA DE CABAL,66682,RISARALDA,SANTA ROSA DE CABAL - RISARALDA,0
SANTA ROSA DE OSOS,05686,ANTIOQUIA,SANTA ROSA DE OSOS - ANTIOQUIA,0
SANTA ROSA DE VITERBO,15693,BOYACA,SANTA ROSA DE VITERBO - BOYACA,0
SANTA ROSA DEL SUR,13688,BOLIVAR,SANTA ROSA DEL SUR - BOLIVAR,0
SANTA ROSALIA,99624,VICHADA,SANTA ROSALIA - VICHADA,0
SANTA SOFIA,15696,BOYACA,SANTA SOFIA - BOYACA,0
SANTACRUZ,52699,NARIÑO,SANTACRUZ - NARIÑO,0
SANTAFE DE ANTIOQUIA,05042,ANTIOQUIA,SANTAFE DE ANTIOQUIA - ANTIOQUIA,0
SANTANA,15686,BOYACA,SANTANA - BOYACA,0
SANTANDER DE QUILICHAO,19698,CAUCA,SANTANDER DE QUILICHAO - CAUCA,0
SANTIAGO,54680,NORTE DE SANTANDER,SANTIAGO - NORTE DE SANTANDER,1
SANTIAGO,86760,PUTUMAYO,SANTIAGO - PUTUMAYO,2
SANTIAGO DE TOLU,70820,SUCRE,SANTIAGO DE TOLU - SUCRE,0
SANTO DOMINGO,05690,ANTIOQUIA,SANTO DOMINGO - ANTIOQUIA,0
SANTO TOMAS,08685,ATLANTICO,SANTO TOMAS - ATLANTICO,0
SANTUARIO,66687,RISARALDA,SANTUARIO - RISARALDA,0
SAPUYES,52720,NARIÑO,SAPUYES - NARIÑO,0
SARAVENA,81736,ARAUCA,SARAVENA - ARAUCA,0
SARDINATA,54720,NORTE DE SANTANDER,SARDINATA - NORTE DE SANTANDER,0
SASAIMA,25718,CUNDINAMARCA,SASAIMA - CUNDINAMARCA,0
SATIVANORTE,15720,BOYACA,SATIVANORTE - BOYACA,0
SATIVASUR,15723,BOYACA,SATIVASUR - BOYACA,0
SEGOVIA,05736,ANTIOQUIA,SEGOVIA - ANTIOQUIA,0
SESQUILE,25736,CUNDINAMARCA,SESQUILE - CUNDINAMARCA,0
SEVILLA,76736,VALLE DEL CAUCA,SEVILLA - VALLE DEL CAUCA,0
SIACHOQUE,15740,BOYACA,SIACHOQUE - BOYACA,0
SIBATE,25740,CUNDINAMARCA,SIBATE - CUNDINAMARCA,0
SIBUNDOY,86749,PUTUMAYO,SIBUNDOY - PUTUMAYO,0
SILOS,54743,NORTE DE SANTANDER,SILOS - NORTE DE SANTANDER,0
SILVANIA,25743,CUNDINAMARCA,SILVANIA - CUNDINAMARCA,0
SILVIA,19743,CAUCA,SILVIA - CAUCA,0
SIMACOTA,68745,SANTANDER,SIMACOTA - SANTANDER,0
SIMIJACA,25745,CUNDINAMARCA,SIMIJACA - CUNDINAMARCA,0
SIMITI,13744,BOLIVAR,SIMITI - BOLIVAR,0
SINCELEJO,70001,SUCRE,SINCELEJO - SUCRE,0
SIPI,27745,CHOCO,SIPI - CHOCO,0
SITIONUEVO,47745,MAGDALENA,SITIONUEVO - MAGDALENA,0
SOACHA,25754,CUNDINAMARCA,SOACHA - CUNDINAMARCA,0
SOATA,15753,BOYACA,SOATA - BOYACA,0
SOCHA,15757,BOYACA,SOCHA - BOYACA,0
SOCORRO,68755,SANTANDER,SOCORRO - SANTANDER,0
SOCOTA,15755,BOYACA,SOCOTA - BOYACA,0
SOGAMOSO,15759,BOYACA,SOGAMOSO - BOYACA,0
SOLANO,18756,CAQUETA,SOLANO - CAQUETA,0
SOLEDAD,08758,ATLANTICO,SOLEDAD - ATLANTICO,0
SOLITA,18785,CAQUETA,SOLITA - CAQUETA,0
SOMONDOCO,15761,BOYACA,SOMONDOCO - BOYACA,0
SONSON,05756,ANTIOQUIA,SONSON - ANTIOQUIA,0
SOPETRAN,05761,ANTIOQUIA,SOPETRAN - ANTIOQUIA,0
SOPLAVIENTO,13760,BOLIVAR,SOPLAVIENTO - BOLIVAR,0
SOPO,25758,CUNDINAMARCA,SOPO - CUNDINAMARCA,0
SORA,15762,BOYACA,SORA - BOYACA,0
SORACA,15764,BOYACA,SORACA - BOYACA,0
SOTAQUIRA,15763,BOYACA,SOTAQUIRA - BOYACA,0
SOTARA,19760,CAUCA,SOTARA - CAUCA,0
SUAITA,68770,SANTANDER,SUAITA - SANTANDER,0
SUAN,08770,ATLANTICO,SUAN - ATLANTICO,0
SUAREZ,19780,CAUCA,SUAREZ - CAUCA,1
SUAREZ,73770,TOLIMA,SUAREZ - TOLIMA,2
SUAZA,41770,HUILA,SUAZA - HUILA,0
SUBACHOQUE,25769,CUNDINAMARCA,SUBACHOQUE - CUNDINAMARCA,0
SUCRE,19785,CAUCA,SUCRE - CAUCA,1
SUCRE,68773,SANTANDER,SUCRE - SANTANDER,2
SUCRE,70771,SUCRE,SUCRE - SUCRE,3
SUESCA,25772,CUNDINAMARCA,SUESCA - CUNDINAMARCA,0
SUPATA,25777,CUNDINAMARCA,SUPATA - CUNDINAMARCA,0
SUPIA,17777,CALDAS,SUPIA - CALDAS,0
SURATA,68780,SANTANDER,SURATA - SANTANDER,0
SUSA,25779,CUNDINAMARCA,SUSA - CUNDINAMARCA,0
SUSACON,15774,BOYACA,SUSACON - BOYACA,0
SUTAMARCHAN,15776,BOYACA,SUTAMARCHAN - BOYACA,0
SUTATAUSA,25781,CUNDINAMARCA,SUTATAUSA - CUNDINAMARCA,0
SUTATENZA,15778,BOYACA,SUTATENZA - BOYACA,0
TABIO,25785,CUNDINAMARCA,TABIO - CUNDINAMARCA,0
TADO,27787,CHOCO,TADO - CHOCO,0
TALAIGUA NUEVO,13780,BOLIVAR,TALAIGUA NUEVO - BOLIVAR,0
TAMALAMEQUE,20787,CESAR,TAMALAMEQUE - CESAR,0
TAMARA,85400,CASANARE,TAMARA - CASANARE,0
TAME,81794,ARAUCA,TAME - ARAUCA,0
TAMESIS,05789,ANTIOQUIA,TAMESIS - ANTIOQUIA,0
TAMINANGO,52786,NARIÑO,TAMINANGO - NARIÑO,0
TANGUA,52788,NARIÑO,TANGUA - NARIÑO,0
TARAIRA,97666,VAUPES,TARAIRA - VAUPES,0
TARAPACA,91798,AMAZONAS,TARAPACA - AMAZONAS,0
TARAZA,05790,ANTIOQUIA,TARAZA - ANTIOQUIA,0
TARQUI,41791,HUILA,TARQUI - HUILA,0
TARSO,05792,ANTIOQUIA,TARSO - ANTIOQUIA,0
TASCO,15790,BOYACA,TASCO - BOYACA,0
TAURAMENA,85410,CASANARE,TAURAMENA - CASANARE,0
TAUSA,25793,CUNDINAMARCA,TAUSA - CUNDINAMARCA,0
TELLO,41799,HUILA,TELLO - HUILA,0
TENA,25797,CUNDINAMARCA,TENA - CUNDINAMARCA,0
TENERIFE,47798,MAGDALENA,TENERIFE - MAGDALENA,0
TENJO,25799,CUNDINAMARCA,TENJO - CUNDINAMARCA,0
TENZA,15798,BOYACA,TENZA - BOYACA,0
TEORAMA,54800,NORTE DE SANTANDER,TEORAMA - NORTE DE SANTANDER,0
TERUEL,41801,HUILA,TERUEL - HUILA,0
TESALIA,41797,HUILA,TESALIA - HUILA,0
TIBACUY,25805,CUNDINAMARCA,TIBACUY - CUNDINAMARCA,0
TIBANA,15804,BOYACA,TIBANA - BOYACA,0
TIBASOSA,15806,BOYACA,TIBASOSA - BOYACA,0
TIBIRITA,25807,CUNDINAMARCA,TIBIRITA - CUNDINAMARCA,0
TIBU,54810,NORTE DE SANTANDER,TIBU - NORTE DE SANTANDER,0
TIERRALTA,23807,CORDOBA,TIERRALTA - CORDOBA,0
TIMANA,41807,HUILA,TIMANA - HUILA,0
TIMBIO,19807,CAUCA,TIMBIO - CAUCA,0
TIMBIQUI,19809,CAUCA,TIMBIQUI - CAUCA,0
TINJACA,15808,BOYACA,TINJACA - BOYACA,0
TIPACOQUE,15810,BOYACA,TIPACOQUE - BOYACA,0
TIQUISIO,13810,BOLIVAR,TIQUISIO - BOLIVAR,0
TITIRIBI,05809,ANTIOQUIA,TITIRIBI - ANTIOQUIA,0
TOCA,15814,BOYACA,TOCA - BOYACA,0
TOCAIMA,25815,CUNDINAMARCA,TOCAIMA - CUNDINAMARCA,0
TOCANCIPA,25817,CUNDINAMARCA,TOCANCIPA - CUNDINAMARCA,0
TOGÜI,15816,BOYACA,TOGÜI - BOYACA,0
TOLEDO,05819,ANTIOQUIA,TOLEDO - ANTIOQUIA,1
TOLEDO,54820,NORTE DE SANTANDER,TOLEDO - NORTE DE SANTANDER,2
TOLU VIEJO,70823,SUCRE,TOLU VIEJO - SUCRE,0
TONA,68820,SANTANDER,TONA - SANTANDER,0
TOPAGA,15820,BOYACA,TOPAGA - BOYACA,0
TOPAIPI,25823,CUNDINAMARCA,TOPAIPI - CUNDINAMARCA,0
TORIBIO,19821,CAUCA,TORIBIO - CAUCA,0
TORO,76823,VALLE DEL CAUCA,TORO - VALLE DEL CAUCA,0
TOTA,15822,BOYACA,TOTA - BOYACA,0
TOTORO,19824,CAUCA,TOTORO - CAUCA,0
TRINIDAD,85430,CASANARE,TRINIDAD - CASANARE,0
TRUJILLO,76828,VALLE DEL CAUCA,TRUJILLO - VALLE DEL CAUCA,0
TUBARA,08832,ATLANTICO,TUBARA - ATLANTICO,0
TULUA,76834,VALLE DEL CAUCA,TULUA - VALLE DEL CAUCA,0
TUNJA,15001,BOYACA,TUNJA - BOYACA,0
TUNUNGUA,15832,BOYACA,TUNUNGUA - BOYACA,0
TUQUERRES,52838,NARIÑO,TUQUERRES - NARIÑO,0
TURBACO,13836,BOLIVAR,TURBACO - BOLIVAR,0
TURBANA,13838,BOLIVAR,TURBANA - BOLIVAR,0
TURBO,05837,ANTIOQUIA,TURBO - ANTIOQUIA,0
TURMEQUE,15835,BOYACA,TURMEQUE - BOYACA,0
TUTA,15837,BOYACA,TUTA - BOYACA,0
TUTAZA,15839,BOYACA,TUTAZA - BOYACA,0
UBALA,25839,CUNDINAMARCA,UBALA - CUNDINAMARCA,0
UBAQUE,25841,CUNDINAMARCA,UBAQUE - CUNDINAMARCA,0
ULLOA,76845,VALLE DEL CAUCA,ULLOA - VALLE DEL CAUCA,0
UMBITA,15842,BOYACA,UMBITA - BOYACA,0
UNE,25845,CUNDINAMARCA,UNE - CUNDINAMARCA,0
UNGUIA,27800,CHOCO,UNGUIA - CHOCO,0
UNION PANAMERICANA,27810,CHOCO,UNION PANAMERICANA - CHOCO,0
URAMITA,05842,ANTIOQUIA,URAMITA - ANTIOQUIA,0
URIBE,50370,META,URIBE - META,0
URIBIA,44847,LA GUAJIRA,URIBIA - LA GUAJIRA,0
URRAO,05847,ANTIOQUIA,URRAO - ANTIOQUIA,0
URUMITA,44855,LA GUAJIRA,URUMITA - LA GUAJIRA,0
USIACURI,08849,ATLANTICO,USIACURI - ATLANTICO,0
UTICA,25851,CUNDINAMARCA,UTICA - CUNDINAMARCA,0
VALDIVIA,05854,ANTIOQUIA,VALDIVIA - ANTIOQUIA,0
VALENCIA,23855,CORDOBA,VALENCIA - CORDOBA,0
VALLE DE SAN JOSE,68855,SANTANDER,VALLE DE SAN JOSE - SANTANDER,0
VALLE DE SAN JUAN,73854,TOLIMA,VALLE DE SAN JUAN - TOLIMA,0
VALLE DEL GUAMUEZ,86865,PUTUMAYO,VALLE DEL GUAMUEZ - PUTUMAYO,0
VALLEDUPAR,20001,CESAR,VALLEDUPAR - CESAR,0
VALPARAISO,05856,ANTIOQUIA,VALPARAISO - ANTIOQUIA,1
VALPARAISO,18860,CAQUETA,VALPARAISO - CAQUETA,2
VEGACHI,05858,ANTIOQUIA,VEGACHI - ANTIOQUIA,0
VELEZ,68861,SANTANDER,VELEZ - SANTANDER,0
VENADILLO,73861,TOLIMA,VENADILLO - TOLIMA,0
VENECIA,05861,ANTIOQUIA,VENECIA - ANTIOQUIA,1
VENECIA,25506,CUNDINAMARCA,VENECIA - CUNDINAMARCA,2
VENTAQUEMADA,15861,BOYACA,VENTAQUEMADA - BOYACA,0
VERGARA,25862,CUNDINAMARCA,VERGARA - CUNDINAMARCA,0
VERSALLES,76863,VALLE DEL CAUCA,VERSALLES - VALLE DEL CAUCA,0
VETAS,68867,SANTANDER,VETAS - SANTANDER,0
VIANI,25867,CUNDINAMARCA,VIANI - CUNDINAMARCA,0
VICTORIA,17867,CALDAS,VICTORIA - CALDAS,0
VIGIA DEL FUERTE,05873,ANTIOQUIA,VIGIA DEL FUERTE - ANTIOQUIA,0
VIJES,76869,VALLE DEL CAUCA,VIJES - VALLE DEL CAUCA,0
VILLA CARO,54871,NORTE DE SANTANDER,VILLA CARO - NORTE DE SANTANDER,0
VILLA DE LEYVA,15407,BOYACA,VILLA DE LEYVA - BOYACA,0
VILLA DE SAN DIEGO DE UBATE,25843,CUNDINAMARCA,VILLA DE SAN DIEGO DE UBATE - CUNDINAMARCA,0
VILLA DEL ROSARIO,54874,NORTE DE SANTANDER,VILLA DEL ROSARIO - NORTE DE SANTANDER,0
VILLA RICA,19845,CAUCA,VILLA RICA - CAUCA,0
VILLAGARZON,86885,PUTUMAYO,VILLAGARZON - PUTUMAYO,0
VILLAGOMEZ,25871,CUNDINAMARCA,VILLAGOMEZ - CUNDINAMARCA,0
VILLAHERMOSA,73870,TOLIMA,VILLAHERMOSA - TOLIMA,0
VILLAMARIA,17873,CALDAS,VILLAMARIA - CALDAS,0
VILLANUEVA,13873,BOLIVAR,VILLANUEVA - BOLIVAR,1
VILLANUEVA,85440,CASANARE,VILLANUEVA - CASANARE,2
VILLANUEVA,44874,LA GUAJIRA,VILLANUEVA - LA GUAJIRA,3
VILLANUEVA,68872,SANTANDER,VILLANUEVA - SANTANDER,4
VILLAPINZON,25873,CUNDINAMARCA,VILLAPINZON - CUNDINAMARCA,0
VILLARRICA,73873,TOLIMA,VILLARRICA - TOLIMA,0
VILLAVICENCIO,50001,META,VILLAVICENCIO - META,0
VILLAVIEJA,41872,HUILA,VILLAVIEJA - HUILA,0
VILLETA,25875,CUNDINAMARCA,VILLETA - CUNDINAMARCA,0
VIOTA,25878,CUNDINAMARCA,VIOTA - CUNDINAMARCA,0
VIRACACHA,15879,BOYACA,VIRACACHA - BOYACA,0
VISTAHERMOSA,50711,META,VISTAHERMOSA - META,0
VITERBO,17877,CALDAS,VITERBO - CALDAS,0
YACOPI,25885,CUNDINAMARCA,YACOPI - CUNDINAMARCA,0
YACUANQUER,52885,NARIÑO,YACUANQUER - NARIÑO,0
YAGUARA,41885,HUILA,YAGUARA - HUILA,0
YALI,05885,ANTIOQUIA,YALI - ANTIOQUIA,0
YARUMAL,05887,ANTIOQUIA,YARUMAL - ANTIOQUIA,0
YAVARATE,97889,VAUPES,YAVARATE - VAUPES,0
YOLOMBO,05890,ANTIOQUIA,YOLOMBO - ANTIOQUIA,0
YONDO,05893,ANTIOQUIA,YONDO - ANTIOQUIA,0
YOPAL,85001,CASANARE,YOPAL - CASANARE,0
YOTOCO,76890,VALLE DEL CAUCA,YOTOCO - VALLE DEL CAUCA,0
YUMBO,76892,VALLE DEL CAUCA,YUMBO - VALLE DEL CAUCA,0
ZAMBRANO,13894,BOLIVAR,ZAMBRANO - BOLIVAR,0
ZAPATOCA,68895,SANTANDER,ZAPATOCA - SANTANDER,0
ZAPAYAN,47960,MAGDALENA,ZAPAYAN - MAGDALENA,0
ZARAGOZA,05895,ANTIOQUIA,ZARAGOZA - ANTIOQUIA,0
ZARZAL,76895,VALLE DEL CAUCA,ZARZAL - VALLE DEL CAUCA,0
ZETAQUIRA,15897,BOYACA,ZETAQUIRA - BOYACA,0
ZIPACON,25898,CUNDINAMARCA,ZIPACON - CUNDINAMARCA,0
ZIPAQUIRA,25899,CUNDINAMARCA,ZIPAQUIRA - CUNDINAMARCA,0
ZONA BANANERA,47980,MAGDALENA,ZONA BANANERA - MAGDALENA,0
